branch,month,rev,loc,files,lines_added,lines_removed
main,2026-02,5a38fbe,3513,36,3700,187
main,2026-03,d20a4af,6950,49,5101,1664
main,2026-04,a794eaf,17546,88,11869,1273
main,2026-05,792cf1c,26997,109,10434,983
main,2026-06,47aa425,34081,126,7340,256
main,2026-07,72b544a,53033,180,21340,2803
main,2026-08,3cb7570,75793,256,25412,2816
main,2026-09,ba458d8,81963,266,7227,1057
staging,2026-02,5a38fbe,3513,36,3700,187
staging,2026-03,d20a4af,6950,49,5101,1664
staging,2026-04,a794eaf,17546,88,14179,3522
staging,2026-05,792cf1c,26997,109,12155,2707
staging,2026-06,47aa425,34081,126,8211,1127
staging,2026-07,25800cb,58694,194,33518,7977
staging,2026-08,3cb7570,75793,256,20155,3220
staging,2026-09,90c33b2,84308,271,9932,1417
