feature,prd_capability,user_classes,first_commit,first_on_staging_date,first_on_main_date,removed_date,source,evidence
"Account administration (activate/deactivate, promote to admin)",Auth and account,Admin,d80df10,2026-02-17,2026-02-17,,prd code guide,backend/app/routers/users.py; ADMIN_GUIDE section 2
"Job selection (calendar picker + manual entry fallback, shared dropdown)",Job capture and timeline,Crew,d80df10,2026-02-17,2026-02-17,,prd code guide,"frontend/src/App.tsx, backend/app/routers/jobs.py; CREW_GUIDE 4.1 step 1 (shared manual-entry dropdown added later as an enhancement)"
"Timeline events (Start/Arrive/Depart/Finish/Break, GPS, notes)",Job capture and timeline,"Crew, Admin (Map)",d80df10,2026-02-17,2026-02-17,,prd code guide,frontend/src/App.tsx; CREW_GUIDE section 5
Login (session-based authentication),Auth and account,"Crew, Admin",a5a61bf,2026-02-19,2026-02-19,,prd code guide,frontend/src/pages/Login.tsx; CREW_GUIDE 2.3; PRD capability 1
"Password reset (forgot/reset link, 15-min expiry)",Auth and account,"Crew, Admin",a5a61bf,2026-02-19,2026-02-19,,prd code guide,"frontend/src/pages/ForgotPassword.tsx, ResetPassword.tsx; CREW_GUIDE 2.4"
"Signup (self-service signup, pending admin approval)",Auth and account,Crew,a5a61bf,2026-02-19,2026-02-19,,prd code guide,"frontend/src/pages/Signup.tsx; CREW_GUIDE 2.2, new accounts inactive until admin activates"
"Job photos (take/upload, caption, compress, per-job Drive folder)",Photos and incidents,"Crew, Admin (view)",1c1ec98,2026-03-26,2026-03-26,,prd code guide,backend/app/routers/photos.py; CREW_GUIDE section 8; PRD 'Photos and incidents' purpose entry
Materials logging (add/remove materials on a job),"Money out (reimbursements, materials)",Crew,1ee2534,2026-03-26,2026-03-26,,prd code guide,backend/app/routers/materials.py; CREW_GUIDE section 6
Admin Notes (global banner + per-job notes),Admin job summary and notes,"Admin, Crew (sees banner/per-job note)",e963994,2026-04-18,2026-04-18,,code guide,backend/app/routers/admin_notes.py; ADMIN_GUIDE 13.6
"Bill / Invoice calculator (auto-seeded line items, per-line review ticks)",Job capture and timeline,"Crew (lead), Admin (Job Summary invoice block)",5ce8174,2026-04-16,2026-04-18,,prd patch-notes-v1.8 patch-notes-v2.4 code guide,"frontend/src/components/BillCalculator.tsx, backend/app/routers/bill.py; CREW_GUIDE section 7"
"DVIR Review queue (admin pending-defect list, filter)",Vehicle and DVIR,Admin,dd8b526,2026-04-16,2026-04-18,,code guide,"Admin.tsx DVIR Review tab; ADMIN_GUIDE 3, 13.3"
"DVIR submission (pre-trip / post-trip, 25-item checklist, driver signature)",Vehicle and DVIR,Crew (driver),dd8b526,2026-04-16,2026-04-18,,prd patch-notes-v1.8 code guide,"frontend/src/pages/DVIR.tsx, backend/app/routers/dvir.py; CREW_GUIDE 3.1"
Document Library (browse/download company reference docs),"Customer paperwork (BOL, inventory, signature, documents)","Crew, Admin (upload/delete)",1870bfa,2026-04-17,2026-04-18,,prd code guide,"frontend/src/pages/DocumentLibrary.tsx, backend/app/routers/documents.py; CREW_GUIDE section 9"
Employee Hours editor (roster-based per-person hours + breaks),Job capture and timeline,Crew (lead),358d0a1,2026-04-16,2026-04-18,,code guide,embedded in JobReport.tsx from the start; roster-pick requirement added v1.8 line; CREW_GUIDE 7.4
"Estimator (rooms, catalog + custom items, photos, autosave)",Estimating,Admin,b61e81a,2026-04-17,2026-04-18,,prd code guide,"frontend/src/components/EstimatorTab.tsx, backend/app/routers/estimates.py; ADMIN_GUIDE section 12/13.1 in CREW_GUIDE"
"Job Report (job type, hours-match, review candidate)",Job capture and timeline,Crew (lead),358d0a1,2026-04-16,2026-04-18,,prd patch-notes-v1.8 code guide,"frontend/src/components/JobReport.tsx, backend/app/routers/job_report.py; CREW_GUIDE 4.3 step 10"
"Job Summary (full per-job admin review surface, invoice copy-block)",Admin job summary and notes,Admin,0eb78d2,2026-04-18,2026-04-18,,prd patch-notes-v1.8 code guide,backend/app/routers/job_summary.py; ADMIN_GUIDE section 'Job Summary'
"Mechanic sign-off, in-person (admin signs on device)",Vehicle and DVIR,Admin,dd8b526,2026-04-16,2026-04-18,,code guide,shipped in the same DVIR commit as driver/mechanic signature fields; ADMIN_GUIDE 13.3
"Patch Notes (publish titled updates, previewed on crew Profile)","Crew comms (bulletin, directory, patch notes)","Admin (publish), Crew (read)",9531d9f,2026-04-18,2026-04-18,,prd code guide,backend/app/routers/patch_notes.py; CREW_GUIDE 2.5 'Patch Notes'; ADMIN_GUIDE 13.6
Prior On-Duty Hours Statement (PODS),Long-distance mode,Crew (driver),1870bfa,2026-04-17,2026-04-18,,prd patch-notes-v1.8 code guide,frontend/src/pages/LongDistance.tsx (prior-hours form); CREW_GUIDE 3.2
"Mechanic sign-off, remote (emailed link, no app account)",Vehicle and DVIR,"Admin, Mechanic (external, no login)",f870ad8,2026-05-15,2026-05-15,,code guide,frontend/src/pages/MechanicSign.tsx; ADMIN_GUIDE 13.3 remote sign-off
Office hours (admin-only shop/office time logging),"Time capture siblings (off-job, office, availability, LD workday)",Admin,f0fe79e,2026-05-14,2026-05-15,,prd code guide,"frontend/src/pages/OfficeHours.tsx, backend/app/routers/office_hours.py; ADMIN_GUIDE 13.4"
"Reimbursement / Expense requests (mileage + business expense, admin review)","Money out (reimbursements, materials)","Crew, Admin (approve/reject)",f0fe79e,2026-05-14,2026-05-15,,prd code guide,"frontend/src/pages/Reimbursement.tsx, backend/app/routers/reimbursement.py; CREW_GUIDE section 10"
"Availability (Scheduling Availability: submit, quick fill, history, unlocks, future absence)","Time capture siblings (off-job, office, availability, LD workday)","Crew, Admin (unlocks)",484ec82,2026-06-10,2026-06-11,,prd code guide,"frontend/src/pages/Availability.tsx, backend/app/routers/availability.py; CREW_GUIDE section 11"
Email aliases (alternate addresses mapped to crew for calendar matching),"Roster, skills, DQ files",Admin,fa10e52,2026-06-11,2026-06-11,,code guide,backend/app/routers/user_email_aliases.py; ADMIN_GUIDE 'Email aliases'
Employee Tags (free-form labels on roster),"Roster, skills, DQ files",Admin,865d6b3,2026-06-10,2026-06-11,,code guide,backend/app/routers/employee_tags.py; ADMIN_GUIDE 'Employee Tags & Email Aliases'
Month Schedule View (admin: availability grid + scheduled jobs),"Time capture siblings (off-job, office, availability, LD workday)",Admin,7ec3570,2026-06-11,2026-06-11,,patch-notes-v1.8 code guide,Admin.tsx Employees tab month view; ADMIN_GUIDE 13.1 / CREW_GUIDE 11.9
"Digital Bill of Lading (BOL): build inventory, sign origin/destination, on-device PDF, federal detail cards","Customer paperwork (BOL, inventory, signature, documents)","Crew, Admin (Job Summary review)",1a5be02,2026-07-01,2026-07-03,,prd patch-notes-v1.8 patch-notes-v2.3 patch-notes-v2.4 code guide,"frontend/src/components/BillOfLadingForm.tsx, backend/app/routers/bol.py; CREW_GUIDE 3.3"
LD workday (day-plan selector swapping Timeline into RODS/Inventory mode),"Time capture siblings (off-job, office, availability, LD workday)",Crew,9a91738,2026-07-01,2026-07-03,,prd patch-notes-v2.4 code guide,frontend/src/components/LdWorkday.tsx; CREW_GUIDE 5.7; v2.4 'Internal rearrange' + Job setup tile edit-in-place
Per-diem and drive-day tracking,Long-distance mode,"Crew, Admin (payroll per-diem)",c7417ea,2026-07-01,2026-07-03,,prd code guide,backend/app/routers/long_distance.py per-employee per-diem; ADMIN_GUIDE Payroll per-diem section
"Record of Duty Status (RODS) recorder (tap-to-timestamp, multi-driver, scale weight)",Long-distance mode,Crew (driver),8d693bb,2026-07-01,2026-07-03,,prd patch-notes-v2.4 code guide,"frontend/src/components/RodsRecorder.tsx, RodsSignoff.tsx; CREW_GUIDE 3.2"
"Actual inventory (long-distance furniture/box logging with pack type, chow volume)","Customer paperwork (BOL, inventory, signature, documents)",Crew,af1f1f7,2026-07-06,2026-07-16,,prd patch-notes-v1.8 code guide,"frontend/src/components/ActualInventory.tsx, BolInventoryTab.tsx, backend/app/routers/job_inventory.py; CREW_GUIDE 3.3 Inventory Tab"
Estimate-to-job link + estimated-vs-actual hours comparison,Estimating,"Crew (viewed on Job Report), Admin (viewed on Job Summary)",0855f45,2026-07-06,2026-07-16,2026-07-16,patch-notes-v1.8 code,"backend/app/routers/estimates.py GET /by-job/{job_uuid} (added 0855f45, removed 2e9ae1c); ADR 0019 - estimates do not link to crew-app jobs"
"Furniture/Materials Catalogue (shared, admin CSV import/export)","Money out (reimbursements, materials)","Admin (manage), Crew (search while adding materials/inventory)",b09afb5,2026-07-06,2026-07-16,,patch-notes-v1.8 patch-notes-v2.3 code guide,backend/app/routers/furniture_catalog.py; v2.3 'Shared furniture catalogue'
"Incident log (admin: cost, notes, resolved, filter)",Photos and incidents,Admin,d0a19af,2026-07-06,2026-07-16,,patch-notes-v1.8 patch-notes-v2.3 code guide,Admin.tsx Incidents tab; ADMIN_GUIDE 13.9
"Incident reporting (claim number, attached photos, offline)",Photos and incidents,Crew,d0a19af,2026-07-06,2026-07-16,,prd patch-notes-v1.8 patch-notes-v2.3 code guide,"frontend/src/components/IncidentReport.tsx, backend/app/routers/incidents.py; CREW_GUIDE 8.4"
Job Types configuration (admin-defined job-type tags),Job capture and timeline,"Admin, Crew (picks tags)",b07862d,2026-07-06,2026-07-16,,patch-notes-v2.3 code guide,backend/app/routers/job_types.py; v2.3 'NEW - FOR ADMIN: Job types'
Off-job hours,"Time capture siblings (off-job, office, availability, LD workday)",Crew,a35ea58,2026-07-08,2026-07-16,,prd patch-notes-v1.8 patch-notes-v2.3 code guide,"frontend/src/pages/OffJob.tsx, backend/app/routers/off_job.py"
"Skill ratings on Job Report (1-5 star, gated to admins/designated raters)","Roster, skills, DQ files","Admin, Crew (designated Skill rater)",cb6a1ae,2026-07-06,2026-07-16,,prd patch-notes-v1.8 patch-notes-v2.3 code guide,JobReport.tsx skill rows; CREW_GUIDE 7.7; ADR 0014
"Skills registry (define skills, core/job-specific, per-employee matrix)","Roster, skills, DQ files",Admin,c25917a,2026-07-06,2026-07-16,,prd patch-notes-v1.8 patch-notes-v2.3 code guide,backend/app/routers/skills.py; ADMIN_GUIDE Settings 'Crew Skills (registry)'
Worked Hours (weekly logged-hours summary on Profile),"Time capture siblings (off-job, office, availability, LD workday)",Crew,ce1633f,2026-07-10,2026-07-16,,prd patch-notes-v1.8 code guide,backend/app/routers/hours.py; CREW_GUIDE 2.5
Bulletin (Instagram-lite crew feed),"Crew comms (bulletin, directory, patch notes)","Crew, Admin",4abf073,2026-08-05,2026-08-11,,prd code,"frontend/src/pages/Bulletin.tsx, backend/app/routers/bulletin.py; PRD capability 13 names 'bulletin' (guides predate this ship, not yet documented there)"
"Close-out (variance/cause questions, scope-change editor)",Payroll and close-out,Crew (lead),3bf1191,2026-07-27,2026-08-11,,patch-notes-v2.3 patch-notes-v2.4 code guide,frontend/src/components/CloseoutStepper.tsx; CREW_GUIDE 7.9; v2.4 close-out fixes
DQ Files (driver qualification document tracking),"Roster, skills, DQ files","Admin, Crew (driver, own file)",c0577bb,2026-08-03,2026-08-11,,code guide,"backend/app/routers/dq.py, DqFilesTab.tsx, DqMyFileCard.tsx; ADMIN_GUIDE 'DQ Files admin tab'"
Job checklist (admin-configurable manual/auto items),Job capture and timeline,"Crew, Admin",2db3706,2026-08-03,2026-08-11,,code guide,"frontend/src/components/JobChecklistCard.tsx, backend/app/routers/job_checklist.py; ADMIN_GUIDE Settings > Job Checklist"
"Job-hour corrections (Job Summary override + 3-check initialing, ADR 0032)",Payroll and close-out,Admin,ec37602,2026-08-03,2026-08-11,,code guide,backend/app/routers/job_summary.py Hour corrections; ADMIN_GUIDE 'Correcting hours' / 'Initialing the job'
LD Documents (unified RODS/PODS/BOL browser incl. TRALA exemption reference),Long-distance mode,Crew,7820888,2026-07-29,2026-08-11,,code guide,frontend/src/components/LdDocuments.tsx; CREW_GUIDE 3.2 TRALA exemption note
"Payroll (admin QB-shape hours, correction overrides, finalize & notify)",Payroll and close-out,Admin,0f5fa32,2026-07-28,2026-08-11,,patch-notes-v2.3 code guide,"frontend/src/components/PayrollTool.tsx, backend/app/routers/payroll.py; ADMIN_GUIDE Payroll section"
Report a bug,"Feedback intake (bug reports, feature requests)","Crew, Admin",5716e9b,2026-08-03,2026-08-11,,prd code guide,"frontend/src/pages/ReportBug.tsx, backend/app/routers/bug_reports.py; CREW_GUIDE Tools tab"
Request a feature,"Feedback intake (bug reports, feature requests)","Crew, Admin",5716e9b,2026-08-03,2026-08-11,,prd code guide,"frontend/src/pages/RequestFeature.tsx, backend/app/routers/feature_requests.py; CREW_GUIDE Tools tab"
Bonuses / add-a-line tool (arbitrary payroll line for unlogged pay),Payroll and close-out,Admin,de8de8b,2026-09-09,2026-09-10,,patch-notes-v2.4 code,"backend/app/routers/payroll.py 'add a line'; v2.4 'Bonuses, and the add a line tool'"
Employee Directory (search/call/email crew),"Crew comms (bulletin, directory, patch notes)",Crew,5e00fe9,2026-09-04,2026-09-10,,patch-notes-v2.4 code guide,"frontend/src/pages/EmployeeDirectory.tsx; v2.4 'Employee Directory, in Tools'; CREW_GUIDE 3.3"
"PTO (annual allowance, balance, entries)",Payroll and close-out,Admin,00465c1,2026-09-03,2026-09-10,,patch-notes-v2.4 code guide,backend/app/routers/payroll.py PTO; v2.4 'PTO'; ADMIN_GUIDE PTO section
"Reimbursement QuickBooks ledger tab (search, review status, mark entered)",Payroll and close-out,Admin,e5cc537,2026-09-04,2026-09-10,,patch-notes-v2.4 code guide,backend/app/routers/reimbursement.py QuickBooks ledger; v2.4 'there is a QuickBooks ledger tab'; ADMIN_GUIDE mentions QuickBooks
Tips (record employee tip on payroll screen),Payroll and close-out,Admin,80c540d,2026-09-03,2026-09-10,,patch-notes-v2.4 code guide,"backend/app/db/models/employee_tip.py, backend/app/routers/payroll.py; v2.4 'Tips'"
